,
,Voc (V),,0.900000,
,Isc (mA),,1.025568,
,Vm (V),,0.750000,
,Im (mA),,0.885467,
,Pmax (W),,0.000664,
,Jsc (mA/cm2),,25.639200,
,FF (%),,71.949313,
,PCE (%),,16.602505,
,Cell area (cm2),,0.040000,

V(V),I(mA),J(mA/cm2),,,,,,,,,,,,,,,,,,,,,,,,,,
-0.200000003,1.034736983,25.868424564,,,,,,,,,,,,,,,,,,,,,,,,,,
-0.189999998,1.034170971,25.854274281,,,,,,,,,,,,,,,,,,,,,,,,,,
-0.180000007,1.033260021,25.831500534,,,,,,,,,,,,,,,,,,,,,,,,,,
-0.170000002,1.032711007,25.817775168,,,,,,,,,,,,,,,,,,,,,,,,,,
-0.159999996,1.032114029,25.802850723,,,,,,,,,,,,,,,,,,,,,,,,,,
-0.150000006,1.031899010,25.797475246,,,,,,,,,,,,,,,,,,,,,,,,,,
-0.140000001,1.031124033,25.778100826,,,,,,,,,,,,,,,,,,,,,,,,,,
-0.129999995,1.031351043,25.783776073,,,,,,,,,,,,,,,,,,,,,,,,,,
-0.119999997,1.030366053,25.759151322,,,,,,,,,,,,,,,,,,,,,,,,,,
-0.109999999,1.029619016,25.740475394,,,,,,,,,,,,,,,,,,,,,,,,,,
-0.100000001,1.029200037,25.730000925,,,,,,,,,,,,,,,,,,,,,,,,,,
-0.090000004,1.027603052,25.690076291,,,,,,,,,,,,,,,,,,,,,,,,,,
-0.079999998,1.026988029,25.674700737,,,,,,,,,,,,,,,,,,,,,,,,,,
-0.070000000,1.027454971,25.686374283,,,,,,,,,,,,,,,,,,,,,,,,,,
-0.059999999,1.026564045,25.664101122,,,,,,,,,,,,,,,,,,,,,,,,,,
-0.050000001,1.026930055,25.673251366,,,,,,,,,,,,,,,,,,,,,,,,,,
-0.039999999,1.027268008,25.681700208,,,,,,,,,,,,,,,,,,,,,,,,,,
-0.029999999,1.027524006,25.688100141,,,,,,,,,,,,,,,,,,,,,,,,,,
-0.020000000,1.026569982,25.664249551,,,,,,,,,,,,,,,,,,,,,,,,,,
-0.010000000,1.025881968,25.647049188,,,,,,,,,,,,,,,,,,,,,,,,,,
0.000000000,1.025567995,25.639199885,,,,,,,,,,,,,,,,,,,,,,,,,,
0.010000000,1.025228994,25.630724849,,,,,,,,,,,,,,,,,,,,,,,,,,
0.020000000,1.024686964,25.617174106,,,,,,,,,,,,,,,,,,,,,,,,,,
0.029999999,1.022954006,25.573850144,,,,,,,,,,,,,,,,,,,,,,,,,,
0.039999999,1.020818949,25.520473719,,,,,,,,,,,,,,,,,,,,,,,,,,
0.050000001,1.020847005,25.521175121,,,,,,,,,,,,,,,,,,,,,,,,,,
0.059999999,1.021009986,25.525249657,,,,,,,,,,,,,,,,,,,,,,,,,,
0.070000000,1.020431984,25.510799605,,,,,,,,,,,,,,,,,,,,,,,,,,
0.079999998,1.019401010,25.485025253,,,,,,,,,,,,,,,,,,,,,,,,,,
0.090000004,1.019096002,25.477400050,,,,,,,,,,,,,,,,,,,,,,,,,,
0.100000001,1.018085051,25.452126283,,,,,,,,,,,,,,,,,,,,,,,,,,
0.109999999,1.017992035,25.449800887,,,,,,,,,,,,,,,,,,,,,,,,,,
0.119999997,1.017392031,25.434800773,,,,,,,,,,,,,,,,,,,,,,,,,,
0.129999995,1.015807968,25.395199191,,,,,,,,,,,,,,,,,,,,,,,,,,
0.140000001,1.014982001,25.374550023,,,,,,,,,,,,,,,,,,,,,,,,,,
0.150000006,1.014529029,25.363225723,,,,,,,,,,,,,,,,,,,,,,,,,,
0.159999996,1.013636007,25.340900174,,,,,,,,,,,,,,,,,,,,,,,,,,
0.170000002,1.013064990,25.326624746,,,,,,,,,,,,,,,,,,,,,,,,,,
0.180000007,1.012893044,25.322326110,,,,,,,,,,,,,,,,,,,,,,,,,,
0.189999998,1.011383021,25.284575531,,,,,,,,,,,,,,,,,,,,,,,,,,
0.200000003,1.010744018,25.268600439,,,,,,,,,,,,,,,,,,,,,,,,,,
0.209999993,1.009723986,25.243099662,,,,,,,,,,,,,,,,,,,,,,,,,,
0.219999999,1.009389991,25.234749774,,,,,,,,,,,,,,,,,,,,,,,,,,
0.230000004,1.008830033,25.220750831,,,,,,,,,,,,,,,,,,,,,,,,,,
0.239999995,1.008108957,25.202723918,,,,,,,,,,,,,,,,,,,,,,,,,,
0.250000000,1.007043989,25.176099734,,,,,,,,,,,,,,,,,,,,,,,,,,
0.259999990,1.006660983,25.166524574,,,,,,,,,,,,,,,,,,,,,,,,,,
0.270000011,1.005865051,25.146626285,,,,,,,,,,,,,,,,,,,,,,,,,,
0.280000001,1.005406957,25.135173928,,,,,,,,,,,,,,,,,,,,,,,,,,
0.289999992,1.004321035,25.108025875,,,,,,,,,,,,,,,,,,,,,,,,,,
0.300000012,1.003092970,25.077324244,,,,,,,,,,,,,,,,,,,,,,,,,,
0.310000002,1.002821024,25.070525589,,,,,,,,,,,,,,,,,,,,,,,,,,
0.319999993,1.001258963,25.031474070,,,,,,,,,,,,,,,,,,,,,,,,,,
0.330000013,1.000171993,25.004299823,,,,,,,,,,,,,,,,,,,,,,,,,,
0.340000004,0.999129377,24.978234433,,,,,,,,,,,,,,,,,,,,,,,,,,
0.349999994,0.998859992,24.971499806,,,,,,,,,,,,,,,,,,,,,,,,,,
0.360000014,0.997377560,24.934438989,,,,,,,,,,,,,,,,,,,,,,,,,,
0.370000005,0.997375348,24.934383691,,,,,,,,,,,,,,,,,,,,,,,,,,
0.379999995,0.995539711,24.888492771,,,,,,,,,,,,,,,,,,,,,,,,,,
0.389999986,0.994618749,24.865468731,,,,,,,,,,,,,,,,,,,,,,,,,,
0.400000006,0.994295347,24.857383687,,,,,,,,,,,,,,,,,,,,,,,,,,
0.409999996,0.993181602,24.829540052,,,,,,,,,,,,,,,,,,,,,,,,,,
0.419999987,0.992331421,24.808285525,,,,,,,,,,,,,,,,,,,,,,,,,,
0.430000007,0.991624780,24.790619500,,,,,,,,,,,,,,,,,,,,,,,,,,
0.439999998,0.989628839,24.740720983,,,,,,,,,,,,,,,,,,,,,,,,,,
0.449999988,0.988461776,24.711544393,,,,,,,,,,,,,,,,,,,,,,,,,,
0.460000008,0.986376195,24.659404880,,,,,,,,,,,,,,,,,,,,,,,,,,
0.469999999,0.984229497,24.605737417,,,,,,,,,,,,,,,,,,,,,,,,,,
0.479999989,0.983638456,24.590961402,,,,,,,,,,,,,,,,,,,,,,,,,,
0.490000010,0.982720288,24.568007211,,,,,,,,,,,,,,,,,,,,,,,,,,
0.500000000,0.980826444,24.520661100,,,,,,,,,,,,,,,,,,,,,,,,,,
0.509999990,0.979353674,24.483841844,,,,,,,,,,,,,,,,,,,,,,,,,,
0.519999981,0.977781252,24.444531300,,,,,,,,,,,,,,,,,,,,,,,,,,
0.529999971,0.975329021,24.383225536,,,,,,,,,,,,,,,,,,,,,,,,,,
0.540000021,0.972694193,24.317354837,,,,,,,,,,,,,,,,,,,,,,,,,,
0.550000012,0.971457979,24.286449479,,,,,,,,,,,,,,,,,,,,,,,,,,
0.560000002,0.970179914,24.254497839,,,,,,,,,,,,,,,,,,,,,,,,,,
0.569999993,0.967934728,24.198368192,,,,,,,,,,,,,,,,,,,,,,,,,,
0.579999983,0.965746876,24.143671908,,,,,,,,,,,,,,,,,,,,,,,,,,
0.589999974,0.963548373,24.088709324,,,,,,,,,,,,,,,,,,,,,,,,,,
0.600000024,0.962284277,24.057106930,,,,,,,,,,,,,,,,,,,,,,,,,,
0.610000014,0.959397526,23.984938161,,,,,,,,,,,,,,,,,,,,,,,,,,
0.620000005,0.956782897,23.919572413,,,,,,,,,,,,,,,,,,,,,,,,,,
0.629999995,0.953536888,23.838422203,,,,,,,,,,,,,,,,,,,,,,,,,,
0.639999986,0.950831221,23.770780535,,,,,,,,,,,,,,,,,,,,,,,,,,
0.649999976,0.948001572,23.700039310,,,,,,,,,,,,,,,,,,,,,,,,,,
0.660000026,0.944127096,23.603177397,,,,,,,,,,,,,,,,,,,,,,,,,,
0.670000017,0.939989288,23.499732197,,,,,,,,,,,,,,,,,,,,,,,,,,
0.680000007,0.935112301,23.377807520,,,,,,,,,,,,,,,,,,,,,,,,,,
0.689999998,0.930122391,23.253059771,,,,,,,,,,,,,,,,,,,,,,,,,,
0.699999988,0.924915716,23.122892890,,,,,,,,,,,,,,,,,,,,,,,,,,
0.709999979,0.919180515,22.979512869,,,,,,,,,,,,,,,,,,,,,,,,,,
0.720000029,0.911910029,22.797750717,,,,,,,,,,,,,,,,,,,,,,,,,,
0.730000019,0.904173416,22.604335390,,,,,,,,,,,,,,,,,,,,,,,,,,
0.740000010,0.896080222,22.402005561,,,,,,,,,,,,,,,,,,,,,,,,,,
0.750000000,0.885466929,22.136673215,,,,,,,,,,,,,,,,,,,,,,,,,,
0.759999990,0.873007695,21.825192380,,,,,,,,,,,,,,,,,,,,,,,,,,
0.769999981,0.858556887,21.463922167,,,,,,,,,,,,,,,,,,,,,,,,,,
0.779999971,0.841184694,21.029617346,,,,,,,,,,,,,,,,,,,,,,,,,,
0.790000021,0.820048328,20.501208201,,,,,,,,,,,,,,,,,,,,,,,,,,
0.800000012,0.793713785,19.842844631,,,,,,,,,,,,,,,,,,,,,,,,,,
0.810000002,0.762859709,19.071492716,,,,,,,,,,,,,,,,,,,,,,,,,,
0.819999993,0.725495629,18.137390725,,,,,,,,,,,,,,,,,,,,,,,,,,
0.829999983,0.679666526,16.991663142,,,,,,,,,,,,,,,,,,,,,,,,,,
0.839999974,0.625240617,15.631015413,,,,,,,,,,,,,,,,,,,,,,,,,,
0.850000024,0.559410371,13.985259284,,,,,,,,,,,,,,,,,,,,,,,,,,
0.860000014,0.480084593,12.002114818,,,,,,,,,,,,,,,,,,,,,,,,,,
0.870000005,0.386963889,9.674097237,,,,,,,,,,,,,,,,,,,,,,,,,,
0.879999995,0.277733488,6.943337212,,,,,,,,,,,,,,,,,,,,,,,,,,
0.889999986,0.151508197,3.787704918,,,,,,,,,,,,,,,,,,,,,,,,,,
0.899999976,0.006994396,0.174859895,,,,,,,,,,,,,,,,,,,,,,,,,,
0.910000026,-0.155194197,-3.879854921,,,,,,,,,,,,,,,,,,,,,,,,,,
0.920000017,-0.334850803,-8.371270087,,,,,,,,,,,,,,,,,,,,,,,,,,
0.930000007,-0.532682228,-13.317055709,,,,,,,,,,,,,,,,,,,,,,,,,,
0.939999998,-0.746381702,-18.659542548,,,,,,,,,,,,,,,,,,,,,,,,,,
0.949999988,-0.975800911,-24.395022774,,,,,,,,,,,,,,,,,,,,,,,,,,
0.959999979,-1.222398947,-30.559973675,,,,,,,,,,,,,,,,,,,,,,,,,,
0.970000029,-1.480635023,-37.015875569,,,,,,,,,,,,,,,,,,,,,,,,,,
0.980000019,-1.751931966,-43.798299157,,,,,,,,,,,,,,,,,,,,,,,,,,
0.990000010,-2.036188031,-50.904700765,,,,,,,,,,,,,,,,,,,,,,,,,,
1.000000000,-2.330642892,-58.266072301,,,,,,,,,,,,,,,,,,,,,,,,,,
